20/09/2026,"-9.25","4321-EXPRESS FUEL STOP PERTH AU","+2318.93"
19/09/2026,"-16.80","Seaside Tavern Fremantle AU","+2328.18"
18/09/2026,"-37.64","WOOLWORTHS 1234 MIDLAND WA AUS Card xx1234 Value Date: 16/09/2026","+2344.98"
18/09/2026,"-28.00","Direct Debit 123456 FITCLUBPERTH 800000002","+2382.62"
17/09/2026,"+1432.60","Fast Transfer From ACME FARMS PTY LTD CREDIT TO ACCOUNT PAYMENT WAGES","+2410.62"
16/09/2026,"-29.00","TELCO PREPAID RECHARGE MELBOURNE AUS Card xx1234 Value Date: 14/09/2026","+978.02"
15/09/2026,"-3.20","QUICK VENDING PERTH WA AUS Card xx1234 Value Date: 10/09/2026","+1007.02"
15/09/2026,"-3.20","QUICK VENDING PERTH WA AUS Card xx1234 Value Date: 10/09/2026","+1010.22"
15/09/2026,"-11.05","WOOLWORTHS 5678 PERTH WA AUS Card xx1234 Value Date: 12/09/2026","+1013.42"
14/09/2026,"-2.00","Direct Debit 123456 FITCLUBPERTH 800000001","+1024.47"
12/09/2026,"-2.99","APPLE.COM/BILL SYDNEY NS AUS Card xx1234 Value Date: 10/09/2026","+1026.47"
11/09/2026,"-19.34","COLES 0456 FREMANTLE AU","+1029.46"
11/09/2026,"-6.10","SMP*Corner Cafe Perth06 AU","+1048.80"
11/09/2026,"-64.20","KMART 1001 PERTH WA AUS Card xx1234 Value Date: 08/09/2026","+1054.90"
10/09/2026,"-185.00","HARBOUR HOSTEL PERTH WA AU","+1119.10"
10/09/2026,"-23.15","WOOLWORTHS 1234 MIDLAND WA AUS Card xx1234 Value Date: 08/09/2026","+1304.10"
10/09/2026,"-16.75","TACO PLANET MIDLAND MIDLAND AUS Card xx1234 Value Date: 08/09/2026","+1327.25"
09/09/2026,"+1040.00","Fast Transfer From Alex Example CREDIT TO ACCOUNT","+1344.00"
08/09/2026,"-8.40","SUNNY LAUNDRY CO PERTH WA AUS Card xx1234 Value Date: 04/09/2026","+304.00"
